name,price
Ready or Not,$49.99
Ready or Not: Boiling Point,$9.99
BRAVELY DEFAULT FLYING FAIRY HD Remaster,$31.99
Bloodgrounds,$9.99
John Carpenter's Toxic Commando,$35.61
Bootstrap Island,$22.49
Timberborn,$27.99
Solateria,$17.99
Piece by Piece,$9.59
Mama's Sleeping Angels,$7.99
The Liar Princess and the Blind Prince,$13.39
Pawnbroker Simulator,$13.49
Mr. Sleepy Man,$16.99
Pluto,$14.39
Blossom: The Seed of Life,$14.44
Tangy TD,$8.79
AETHUS,$15.99
Over The Top: WWI,$16.26
Lost and Found Co.,$16.19
Marathon,$39.99
Marathon,$39.99
Poker Night at the Inventory,$9.99
Banquet for Fools,$16.99
The Walking Trade,$8.99
Homura Hime,$22.49
Esoteric Ebb,$22.49
Scott Pilgrim EX,$28.99
Resident Evil Requiem,$69.99
Super Battle Golf,$7.99
REANIMAL,$39.99
Counter-Strike 2,Free
Slay the Spire 2,$24.99
John Carpenter's Toxic Commando,$35.61
Monster Hunter Stories 3: Twisted Reflection,$69.99
Marathon,$39.99
Resident Evil Requiem,$69.99
Solasta II,$35.99
Crimson Desert,$69.99
Apex Legends™,Free
Ready or Not,$49.99
Umamusume: Pretty Derby,Free
Ready or Not: Boiling Point,$9.99
Overwatch®,Free
Over The Top: WWI,$16.26
ARC Raiders,$39.99
WWE 2K26,$69.99
BRAVELY DEFAULT FLYING FAIRY HD Remaster,$31.99
Rust,$39.99
Tom Clancy's Rainbow Six Siege,Free
The Sims™ 4,Free
Marvel Rivals,Free
Warframe,Free
Diablo® IV,$49.99
HELLDIVERS™ 2,$39.99
Tom Clancy’s The Division® 2,$29.99
PUBG: BATTLEGROUNDS,Free
Crusader Kings III,$14.99
War Thunder,Free
Once Human,Free
NBA 2K26,$19.99
Chosen Garden,Free
CFS (Chinese Football Simulator),Free
Gensokyo：Presumption of Guilt~Pansies Before Dawn,Free
Monster Hunter Stories 3: Twisted Reflection,$69.99
Dyping Escape,Free
Drill and Delve,Free
Lucid Blocks,Free
Piece by Piece,Free
Mythmatch,Free
Pizza Slice,Free
Funi Raccoon Game,Free
Out of the Park Baseball 27,Free
Caribbean Legend: Age of Pirates,Free
Sherman Commander,Free
Keplerian Space Discovery,Free
picoCAD 2,Free
Bonnie Bear Saves Frogtime,Free
Grind Survivors,Free
Little Chef: Cozy Cooking,Free
DEADLINE DELIVERY,Free
Deadline Escape,Free
Starship Troopers: Ultimate Bug War!,Free
The Seven Deadly Sins: Origin,Free
Find Matt's Cats,Free
The Ratline,Free
Retro Rewind - Video Store Simulator,Free
Thomas & Friends™: Wonders of Sodor,Free
Skeleseller,Free
Everwind,Free
Timber Rush,Free
Teardown,$14.99
Atomfall,$24.99
FINAL FANTASY TACTICS - The Ivalice Chronicles,$34.99
Grand Theft Auto V Enhanced,$19.79
FINAL FANTASY VII REBIRTH,$29.99
Arma Reforger,$27.99
Teardown,$14.99
STAR WARS Jedi: Survivor™,$6.99
Satisfactory,$27.99
Slay the Spire,$6.24
World War Z,$7.49
SYNTHETIK 2,$13.99
Dead Space,$8.99
R.E.P.O.,$6.99
Thronefall,$8.44
Crusader Kings III,$14.99
Tainted Grail: The Fall of Avalon,$31.49
FINAL FANTASY VII REMAKE INTERGRADE,$19.99
NieR Replicant™ ver.1.22474487139...,$23.99
The Riftbreaker,$9.89
Red Dead Redemption,$24.99
DRAGON QUEST I & II HD-2D Remake,$44.99
Dome Keeper,$7.19
ICARUS,$11.89
Enshrouded,$23.99
Bloons TD 6,$5.59
Dune: Awakening,$29.99
OCTOPATH TRAVELER 0,$37.49
Valheim,$9.99
KINGDOM HEARTS -HD 1.5+2.5 ReMIX-,$24.99
EA SPORTS™ Madden NFL 26,$13.99
STAR WARS Jedi: Survivor™,$6.99
BRAVELY DEFAULT II,$23.99
Dead Space,$8.99
MIMESIS,$7.49
Diplomacy is Not an Option,$13.49
FINAL FANTASY X/X-2 HD Remaster,$11.99
Mass Effect™ Legendary Edition,$5.99
Life is Strange: Double Exposure,$19.99
Mindustry,$2.99
SHRAPNEL,Free
Path of ldle: old Gods Rising Demo,Free
Granblue Fantasy,Free
Dawn Of Defense Demo,Free
VRCVideoCacher,Free
Koltera 2,Free
Metal Hunter,Free
Taimanin Squad,Free
FATAL FRAME II: Crimson Butterfly REMAKE Demo,Free
eBaseball™: PRO SPIRIT,Free
Truck Mechanic: Dangerous Paths - First Mile,Free
Jujutsu Kaisen Phantom Parade,Free
Don't Panic! It is Just Turbulence Demo,Free
Hozy Demo,Free
ATMOSFAR Demo,Free
Wanderburg Demo,Free
BidKing Demo,Free
Vampire Crawlers: The Turbo Wildcard from Vampire Survivors Demo,Free
Rift Fishing Demo,Free
Approximately Up Demo,Free
Tap Tap Loot Demo,Free
Synergism,Free
SpeedRunners 2: King of Speed Demo,Free
IGTAP: an Incremental Game That's Also a Platformer Demo,Free
Frog Sqwad Demo 🐸,Free
Romestead Demo,Free
Grind Survivors Demo,Free
Everything is Crab: The Animal Evolution Roguelite Demo,Free
Gambonanza Demo,Free
Primal Survival Demo,Free
